location_id,name,abbr,location_type,status,cooling_level,latitude,longitude,address,public_access,air_conditioned,water_available,seating_available,wifi_available,accessible,remote_class_suitable,staffed,hours,verification_status,source_url
HOME01,Rise at West Campus,HOME,Residence,Pilot origin,,30.28587,-97.74414,"2206 Nueces St, Austin, TX 78705",Resident access,Yes,Unknown,Yes,Yes,Unknown,Yes,No,Resident building access,Residence location; amenities not part of UT cooling-station approval,https://www.riseatwestcampus.com/
CLS01,Burdine Hall,BUR,Class building,Confirmed class destination,,30.28887,-97.73851,"2505 University Ave, Austin, TX 78712",Campus academic building,Unknown,Unknown,Unknown,Unknown,Unknown,Unknown,No,Verify with UT,Location verified; cooling amenities require UT validation,https://utdirect.utexas.edu/apps/campus/buildings/information/nlogon/maps/UTM/BUR/
CLS02,Mezes Hall,MEZ,Class building,Confirmed class destination,,30.28437,-97.73896,"154 W 21st St, Austin, TX 78712",Campus academic building,Unknown,Unknown,Unknown,Unknown,Unknown,Unknown,No,Verify with UT,Location verified; cooling amenities require UT validation,https://utdirect.utexas.edu/apps/campus/buildings/information/nlogon/maps/UTM/MEZ/
CLS03,Gates Dell Complex,GDC,Class building,Confirmed class destination,,30.28625,-97.73645,"2317 Speedway, Austin, TX 78712",Campus academic building,Unknown,Unknown,Unknown,Unknown,Unknown,Unknown,No,Verify with UT,Location verified; cooling amenities require UT validation,https://utdirect.utexas.edu/apps/campus/buildings/information/nlogon/maps/UTM/GDC/
CLS04,Garrison Hall,GAR,Class building,Confirmed class destination,,30.28514,-97.7385,"128 Inner Campus Dr, Austin, TX 78712",Campus academic building,Unknown,Unknown,Unknown,Unknown,Unknown,Unknown,No,Verify with UT,Location verified; cooling amenities require UT validation,https://utdirect.utexas.edu/apps/campus/buildings/information/nlogon/maps/UTM/GAR/
CR001,Texas Union,UNB,Candidate cooling stop,Candidate,3 - Cooling Hub (provisional),30.28663,-97.74116,"2308 Whitis Ave, Austin, TX 78712",Yes during posted hours,Verify,Verify,Verify,Verify,Verify,Potentially,Building staff; CoolRoute staffing not assigned,Verify current semester hours,Candidate only — requires UT approval and amenity validation,https://universityunions.utexas.edu/
CR002,Peter T. Flawn Academic Center,FAC,Candidate cooling stop,Candidate,2 - Recovery Stop (provisional),30.28629,-97.74043,"2304 Whitis Ave, Austin, TX 78712",Campus facility,Verify,Verify,Likely; verify,Likely; verify,Verify,Potentially,No CoolRoute staffing assigned,Verify current semester hours,Candidate only — requires UT approval and amenity validation,https://www.utexas.edu/
CR003,Perry-Castañeda Library,PCL,Candidate cooling stop,Candidate,3 - Cooling Hub (provisional),30.2824,-97.73788,"101 E 21st St, Austin, TX 78712",Yes during posted library hours,Verify,Verify,Yes; open study areas documented,Verify,Verify,Potentially strong,Library staff; CoolRoute staffing not assigned,Verify current library hours,Candidate only — requires UT approval and amenity validation,https://www.lib.utexas.edu/
CR004,"William C. Powers, Jr. Student Activity Center",WCP,Candidate cooling stop,Candidate,3 - Cooling Hub (provisional),30.2849,-97.73645,"2201 Speedway, Austin, TX 78712",Yes during posted hours,Verify,Verify,Yes; meeting/study spaces documented,Verify,Verify,Potentially strong,Building staff; CoolRoute staffing not assigned,Verify current semester hours,Candidate only — requires UT approval and amenity validation,https://universityunions.utexas.edu/
